4502.0           ,  -11399.86276958  ,  8427407569.371256
4504.0           ,  -11399.87776958  ,  8427407572.399691
4506.0           ,  -11399.85576958  ,  8427407575.4273815
4508.0           ,  -11399.82376958  ,  8427407578.454333
4510.0           ,  -11399.80876958  ,  8427407581.480543
4512.0           ,  -11399.78976958  ,  8427407584.506014
4514.0           ,  -11399.75876958  ,  8427407587.530745
4516.0           ,  -11399.76176958  ,  8427407590.554735
4518.0           ,  -11399.71076958  ,  8427407593.577987
4520.0           ,  -11399.65676958  ,  8427407596.600499
4522.0           ,  -11399.65876958  ,  8427407599.622272
4524.0           ,  -11399.60876958  ,  8427407602.643308
4526.0           ,  -11399.57276958  ,  8427407605.663603
4528.0           ,  -11399.55376958  ,  8427407608.683163
4530.0           ,  -11399.50776958  ,  8427407611.701984
4532.0           ,  -11399.4847696   ,  8427407614.720067
4534.0           ,  -11399.4247696   ,  8427407617.737413
4536.0           ,  -11399.4017696   ,  8427407620.754023
4538.0           ,  -11399.3387696   ,  8427407623.769896
4540.0           ,  -11399.3057696   ,  8427407626.785031
4542.0           ,  -11399.2887696   ,  8427407629.799433
4544.0           ,  -11399.2287696   ,  8427407632.813097
4546.0           ,  -11399.2087696   ,  8427407635.826026
4548.0           ,  -11399.1717696   ,  8427407638.83822
4550.0           ,  -11399.1177696   ,  8427407641.849679
4552.0           ,  -11399.0717696   ,  8427407644.860403
4554.0           ,  -11399.0187696   ,  8427407647.870392
4556.0           ,  -11398.9667696   ,  8427407650.879648
4558.0           ,  -11398.9237696   ,  8427407653.888169
4560.0           ,  -11398.8797696   ,  8427407656.895958
4562.0           ,  -11398.8297696   ,  8427407659.903012
4564.0           ,  -11398.8097696   ,  8427407662.909334
4566.0           ,  -11398.7377696   ,  8427407665.914923
4568.0           ,  -11398.6737696   ,  8427407668.919779
4570.0           ,  -11398.6317696   ,  8427407671.9239025
4572.0           ,  -11398.5717696   ,  8427407674.927295
4574.0           ,  -11398.5397696   ,  8427407677.929955
4576.0           ,  -11398.48576962  ,  8427407680.931884
4578.0           ,  -11398.41976962  ,  8427407683.933082
4580.0           ,  -11398.38576962  ,  8427407686.933548
4582.0           ,  -11398.31376962  ,  8427407689.933285
4584.0           ,  -11398.24676962  ,  8427407692.932291
4586.0           ,  -11398.20076962  ,  8427407695.930567
4588.0           ,  -11398.14976962  ,  8427407698.928113
4590.0           ,  -11398.10176962  ,  8427407701.92493
4592.0           ,  -11398.02376962  ,  8427407704.921017
4594.0           ,  -11397.96176962  ,  8427407707.916374
4596.0           ,  -11397.93576962  ,  8427407710.911004
4598.0           ,  -11397.86776962  ,  8427407713.904905
4600.0           ,  -11397.83276962  ,  8427407716.898077
4602.0           ,  -11397.79176962  ,  8427407719.890523
4604.0           ,  -11397.72676962  ,  8427407722.88224
4606.0           ,  -11397.64876962  ,  8427407725.873231
4608.0           ,  -11397.59176962  ,  8427407728.863495
4610.0           ,  -11397.53276962  ,  8427407731.853029
4612.0           ,  -11397.45076964  ,  8427407734.84184
4614.0           ,  -11397.38676964  ,  8427407737.829923
4616.0           ,  -11397.31976964  ,  8427407740.81728
4618.0           ,  -11397.24876964  ,  8427407743.803911
4620.0           ,  -11397.18076964  ,  8427407746.789818
4622.0           ,  -11397.11676964  ,  8427407749.774999
4624.0           ,  -11397.01976964  ,  8427407752.759455
4626.0           ,  -11396.95876964  ,  8427407755.743186
4628.0           ,  -11396.88576964  ,  8427407758.726194
4630.0           ,  -11396.80176964  ,  8427407761.708476
4632.0           ,  -11396.74776964  ,  8427407764.690035
4634.0           ,  -11396.69476964  ,  8427407767.670871
4636.0           ,  -11396.60376964  ,  8427407770.650984
4638.0           ,  -11396.52676964  ,  8427407773.630373
4640.0           ,  -11396.45776966  ,  8427407776.609039
4642.0           ,  -11396.37176966  ,  8427407779.586984
4644.0           ,  -11396.29676966  ,  8427407782.564205
4646.0           ,  -11396.23176966  ,  8427407785.540706
4648.0           ,  -11396.13976966  ,  8427407788.516484
4650.0           ,  -11396.06276966  ,  8427407791.491541
4652.0           ,  -11395.97876966  ,  8427407794.465876
4654.0           ,  -11395.90676966  ,  8427407797.43949
4656.0           ,  -11395.81476966  ,  8427407800.412385
4658.0           ,  -11395.74076966  ,  8427407803.384558
4660.0           ,  -11395.66076966  ,  8427407806.356012
4662.0           ,  -11395.57576966  ,  8427407809.326747
4664.0           ,  -11395.49176968  ,  8427407812.296761
4666.0           ,  -11395.42376968  ,  8427407815.266056
4668.0           ,  -11395.32476968  ,  8427407818.2346325
4670.0           ,  -11395.20676968  ,  8427407821.20249
4672.0           ,  -11395.12976968  ,  8427407824.169629
4674.0           ,  -11395.04276968  ,  8427407827.13605
4676.0           ,  -11394.94376968  ,  8427407830.101753
4678.0           ,  -11394.84176968  ,  8427407833.066738
4680.0           ,  -11394.77476968  ,  8427407836.031007
4682.0           ,  -11394.69476968  ,  8427407838.994557
4684.0           ,  -11394.60776968  ,  8427407841.957392
4686.0           ,  -11394.51876968  ,  8427407844.919509
4688.0           ,  -11394.4027697   ,  8427407847.88091
4690.0           ,  -11394.2997697   ,  8427407850.841597
4692.0           ,  -11394.2317697   ,  8427407853.801565
4694.0           ,  -11394.1367697   ,  8427407856.760818
4696.0           ,  -11394.0497697   ,  8427407859.7193575
4698.0           ,  -11393.9237697   ,  8427407862.677181
4700.0           ,  -11393.8377697   ,  8427407865.63429
4702.0           ,  -11393.7577697   ,  8427407868.590686
4704.0           ,  -11393.6307697   ,  8427407871.546364
4706.0           ,  -11393.5697697   ,  8427407874.501331
4708.0           ,  -11393.48176972  ,  8427407877.455584
4710.0           ,  -11393.35976972  ,  8427407880.409123
4712.0           ,  -11393.23076972  ,  8427407883.361951
4714.0           ,  -11393.15076972  ,  8427407886.314065
4716.0           ,  -11393.02276972  ,  8427407889.265465
4718.0           ,  -11392.96976972  ,  8427407892.216153
4720.0           ,  -11392.85676972  ,  8427407895.166131
4722.0           ,  -11392.75176972  ,  8427407898.115396
4724.0           ,  -11392.62376972  ,  8427407901.063951
4726.0           ,  -11392.52776972  ,  8427407904.011791
4728.0           ,  -11392.41576974  ,  8427407906.958922
4730.0           ,  -11392.29376974  ,  8427407909.905343
4732.0           ,  -11392.19776974  ,  8427407912.851053
4734.0           ,  -11392.09976974  ,  8427407915.796053
4736.0           ,  -11391.99376974  ,  8427407918.740343
4738.0           ,  -11391.89776974  ,  8427407921.683923
4740.0           ,  -11391.76676974  ,  8427407924.626794
4742.0           ,  -11391.67076974  ,  8427407927.568956
4744.0           ,  -11391.58076974  ,  8427407930.51041
4746.0           ,  -11391.43976976  ,  8427407933.451156
4748.0           ,  -11391.32576976  ,  8427407936.3911915
4750.0           ,  -11391.21176976  ,  8427407939.330519
4752.0           ,  -11391.10476976  ,  8427407942.269139
4754.0           ,  -11390.98976976  ,  8427407945.207053
4756.0           ,  -11390.85476976  ,  8427407948.144258
4758.0           ,  -11390.74776976  ,  8427407951.080756
4760.0           ,  -11390.61176976  ,  8427407954.016548
4762.0           ,  -11390.46976978  ,  8427407956.951633
4764.0           ,  -11390.36376978  ,  8427407959.886013
4766.0           ,  -11390.26176978  ,  8427407962.819686
4768.0           ,  -11390.14876978  ,  8427407965.752654
4770.0           ,  -11390.03276978  ,  8427407968.6849165
4772.0           ,  -11389.90576978  ,  8427407971.616473
4774.0           ,  -11389.78676978  ,  8427407974.547327
4776.0           ,  -11389.70376978  ,  8427407977.477473
4778.0           ,  -11389.53276978  ,  8427407980.406918
4780.0           ,  -11389.3977698   ,  8427407983.335655
4782.0           ,  -11389.3137698   ,  8427407986.263692
4784.0           ,  -11389.1827698   ,  8427407989.191024
4786.0           ,  -11389.0347698   ,  8427407992.117653
4788.0           ,  -11388.9137698   ,  8427407995.043577
4790.0           ,  -11388.7737698   ,  8427407997.9688 
4792.0           ,  -11388.6337698   ,  8427408000.893321
4794.0           ,  -11388.5217698   ,  8427408003.81714
4796.0           ,  -11388.40676982  ,  8427408006.740254
4798.0           ,  -11388.23076982  ,  8427408009.662669
4800.0           ,  -11388.10876982  ,  8427408012.584381
4802.0           ,  -11387.97276982  ,  8427408015.505394
4804.0           ,  -11387.84276982  ,  8427408018.425705
4806.0           ,  -11387.71076982  ,  8427408021.345315
4808.0           ,  -11387.55176982  ,  8427408024.264225
4810.0           ,  -11387.45376984  ,  8427408027.182435
4812.0           ,  -11387.32176984  ,  8427408030.099944
4814.0           ,  -11387.18476984  ,  8427408033.016754
4816.0           ,  -11387.01176984  ,  8427408035.932865
4818.0           ,  -11386.89876984  ,  8427408038.848276
4820.0           ,  -11386.73476984  ,  8427408041.76299
4822.0           ,  -11386.61076984  ,  8427408044.677004
4824.0           ,  -11386.47376986  ,  8427408047.590321
4826.0           ,  -11386.31876986  ,  8427408050.502939
4828.0           ,  -11386.18376986  ,  8427408053.414858
4830.0           ,  -11386.04476986  ,  8427408056.326081
4832.0           ,  -11385.87376986  ,  8427408059.236607
4834.0           ,  -11385.74476986  ,  8427408062.146435
4836.0           ,  -11385.60776986  ,  8427408065.055568
4838.0           ,  -11385.47476988  ,  8427408067.964003
4840.0           ,  -11385.36176988  ,  8427408070.871741
4842.0           ,  -11385.18976988  ,  8427408073.778786
4844.0           ,  -11385.05476988  ,  8427408076.685131
4846.0           ,  -11384.88976988  ,  8427408079.590784
4848.0           ,  -11384.75676988  ,  8427408082.495742
4850.0           ,  -11384.60376988  ,  8427408085.4000025
4852.0           ,  -11384.4637699   ,  8427408088.30357
4854.0           ,  -11384.2907699   ,  8427408091.206442
4856.0           ,  -11384.1357699   ,  8427408094.108623
4858.0           ,  -11384.0147699   ,  8427408097.010107
4860.0           ,  -11383.8427699   ,  8427408099.910898
4862.0           ,  -11383.6917699   ,  8427408102.810996
4864.0           ,  -11383.5517699   ,  8427408105.7104 
4866.0           ,  -11383.39576992  ,  8427408108.609113
4868.0           ,  -11383.23676992  ,  8427408111.507133
4870.0           ,  -11383.08676992  ,  8427408114.40446
4872.0           ,  -11382.89976992  ,  8427408117.301094
4874.0           ,  -11382.76376992  ,  8427408120.197038
4876.0           ,  -11382.59976992  ,  8427408123.092291
4878.0           ,  -11382.41776994  ,  8427408125.986851
4880.0           ,  -11382.26776994  ,  8427408128.880721
4882.0           ,  -11382.10276994  ,  8427408131.773899
4884.0           ,  -11381.95676994  ,  8427408134.666388
4886.0           ,  -11381.79876994  ,  8427408137.558185
4888.0           ,  -11381.61476994  ,  8427408140.449294
4890.0           ,  -11381.48176996  ,  8427408143.339713
4892.0           ,  -11381.32276996  ,  8427408146.229442
4894.0           ,  -11381.14276996  ,  8427408149.118482
4896.0           ,  -11380.96776996  ,  8427408152.006833
4898.0           ,  -11380.81876996  ,  8427408154.894495
4900.0           ,  -11380.65676996  ,  8427408157.781468
4902.0           ,  -11380.45776998  ,  8427408160.667754
4904.0           ,  -11380.30076998  ,  8427408163.553353
4906.0           ,  -11380.13876998  ,  8427408166.438263
4908.0           ,  -11379.97576998  ,  8427408169.322484
4910.0           ,  -11379.79476998  ,  8427408172.206021
4912.0           ,  -11379.61976998  ,  8427408175.08887
4914.0           ,  -11379.45577     ,  8427408177.971032
4916.0           ,  -11379.29277     ,  8427408180.852509
4918.0           ,  -11379.13677     ,  8427408183.733298
4920.0           ,  -11378.96077     ,  8427408186.613401
4922.0           ,  -11378.78677     ,  8427408189.492819
4924.0           ,  -11378.60677     ,  8427408192.371553
4926.0           ,  -11378.40477002  ,  8427408195.249601
4928.0           ,  -11378.22777002  ,  8427408198.126965
4930.0           ,  -11378.08977002  ,  8427408201.003643
4932.0           ,  -11377.91977002  ,  8427408203.879638
4934.0           ,  -11377.72477002  ,  8427408206.754948
4936.0           ,  -11377.53277002  ,  8427408209.629575
4938.0           ,  -11377.35377004  ,  8427408212.503517
4940.0           ,  -11377.19777004  ,  8427408215.376777
4942.0           ,  -11377.04277004  ,  8427408218.249354
4944.0           ,  -11376.85177004  ,  8427408221.121248
4946.0           ,  -11376.63377004  ,  8427408223.992459
4948.0           ,  -11376.47177006  ,  8427408226.862988
4950.0           ,  -11376.27977006  ,  8427408229.732836
4952.0           ,  -11376.08877006  ,  8427408232.602002
4954.0           ,  -11375.91177006  ,  8427408235.470486
4956.0           ,  -11375.71977006  ,  8427408238.338288
4958.0           ,  -11375.50977006  ,  8427408241.205411
4960.0           ,  -11375.35577008  ,  8427408244.071853
4962.0           ,  -11375.16777008  ,  8427408246.937614
4964.0           ,  -11374.96377008  ,  8427408249.802694
4966.0           ,  -11374.77477008  ,  8427408252.667095
4968.0           ,  -11374.58677008  ,  8427408255.530816
4970.0           ,  -11374.3677701   ,  8427408258.393859
4972.0           ,  -11374.1797701   ,  8427408261.256222
4974.0           ,  -11374.0027701   ,  8427408264.117904
4976.0           ,  -11373.8127701   ,  8427408266.978909
4978.0           ,  -11373.5997701   ,  8427408269.839236
4980.0           ,  -11373.41277012  ,  8427408272.698884
4982.0           ,  -11373.4987701   ,  8427408275.557855
4984.0           ,  -11373.01077012  ,  8427408278.416147
4986.0           ,  -11372.84577012  ,  8427408281.273763
4988.0           ,  -11372.63177012  ,  8427408284.130702
4990.0           ,  -11372.42877014  ,  8427408286.986963
4992.0           ,  -11372.24277014  ,  8427408289.842548
4994.0           ,  -11372.03977014  ,  8427408292.697458
4996.0           ,  -11371.82277014  ,  8427408295.551689
4998.0           ,  -11371.63077014  ,  8427408298.405246
5000.0           ,  -11371.43277016  ,  8427408301.258127
5002.0           ,  -11371.23377016  ,  8427408304.110333
5004.0           ,  -11371.02777016  ,  8427408306.9618635
5006.0           ,  -11370.83177016  ,  8427408309.812719
5008.0           ,  -11370.63777016  ,  8427408312.662901
5010.0           ,  -11370.39777018  ,  8427408315.512408
5012.0           ,  -11370.19577018  ,  8427408318.361241
5014.0           ,  -11369.99677018  ,  8427408321.2094 
5016.0           ,  -11369.76877018  ,  8427408324.056886
5018.0           ,  -11369.57977018  ,  8427408326.903698
5020.0           ,  -11369.3697702   ,  8427408329.749837
5022.0           ,  -11369.1167702   ,  8427408332.595304
5024.0           ,  -11368.9187702   ,  8427408335.440097
5026.0           ,  -11368.7277702   ,  8427408338.284219
5028.0           ,  -11368.5147702   ,  8427408341.127668
5030.0           ,  -11368.27177022  ,  8427408343.970446
5032.0           ,  -11368.08677022  ,  8427408346.812553
5034.0           ,  -11367.89277022  ,  8427408349.653988
5036.0           ,  -11367.66577022  ,  8427408352.494752
5038.0           ,  -11367.46377024  ,  8427408355.334845
5040.0           ,  -11367.26477024  ,  8427408358.174268
5042.0           ,  -11367.03877024  ,  8427408361.0130205
5044.0           ,  -11366.84077024  ,  8427408363.851103
5046.0           ,  -11366.62077024  ,  8427408366.688515
5048.0           ,  -11366.43777026  ,  8427408369.525258
5050.0           ,  -11366.17977026  ,  8427408372.361333
5052.0           ,  -11365.94377026  ,  8427408375.196737
5054.0           ,  -11365.70577026  ,  8427408378.031472
5056.0           ,  -11365.71077026  ,  8427408380.865541
5058.0           ,  -11365.32477028  ,  8427408383.69894
5060.0           ,  -11365.11377028  ,  8427408386.531671
5062.0           ,  -11364.91877028  ,  8427408389.363735
5064.0           ,  -11364.67577028  ,  8427408392.195131
5066.0           ,  -11364.4317703   ,  8427408395.02586
5068.0           ,  -11364.2067703   ,  8427408397.855922
5070.0           ,  -11363.9707703   ,  8427408400.685317
5072.0           ,  -11363.7417703   ,  8427408403.514046
5074.0           ,  -11363.5257703   ,  8427408406.342108
5076.0           ,  -11363.30877032  ,  8427408409.169505
5078.0           ,  -11363.07577032  ,  8427408411.996236
5080.0           ,  -11362.84777032  ,  8427408414.822302
5082.0           ,  -11362.64877032  ,  8427408417.647702
5084.0           ,  -11362.42677034  ,  8427408420.472437
5086.0           ,  -11362.20077034  ,  8427408423.296506
5088.0           ,  -11361.95777034  ,  8427408426.119912
5090.0           ,  -11361.75277034  ,  8427408428.942654
5092.0           ,  -11361.50977034  ,  8427408431.76473
5094.0           ,  -11361.29777036  ,  8427408434.586145
5096.0           ,  -11361.02477036  ,  8427408437.406896
5098.0           ,  -11360.80677036  ,  8427408440.226984
5100.0           ,  -11360.56577036  ,  8427408443.046408
5102.0           ,  -11360.32377038  ,  8427408445.865169
5104.0           ,  -11360.08277038  ,  8427408448.683268
5106.0           ,  -11359.88077038  ,  8427408451.500706
5108.0           ,  -11359.63077038  ,  8427408454.31748
5110.0           ,  -11359.3817704   ,  8427408457.133593
5112.0           ,  -11359.1367704   ,  8427408459.949044
5114.0           ,  -11358.9147704   ,  8427408462.763835
5116.0           ,  -11358.6607704   ,  8427408465.577965
5118.0           ,  -11358.40777043  ,  8427408468.391435
5120.0           ,  -11358.19677043  ,  8427408471.204242
5122.0           ,  -11357.96277043  ,  8427408474.016391
5124.0           ,  -11357.72877043  ,  8427408476.827878
5126.0           ,  -11357.46477045  ,  8427408479.638706
5128.0           ,  -11357.22577045  ,  8427408482.448875
5130.0           ,  -11356.97477045  ,  8427408485.258385
5132.0           ,  -11356.74277045  ,  8427408488.067236
5134.0           ,  -11356.50177045  ,  8427408490.875428
5136.0           ,  -11356.23177047  ,  8427408493.682961
5138.0           ,  -11355.97777047  ,  8427408496.489837
5140.0           ,  -11355.72477047  ,  8427408499.296054
5142.0           ,  -11355.47577049  ,  8427408502.101613
5144.0           ,  -11355.24377049  ,  8427408504.906515
5146.0           ,  -11354.99677049  ,  8427408507.71076
5148.0           ,  -11354.74177049  ,  8427408510.514347
5150.0           ,  -11354.51977049  ,  8427408513.317279
5152.0           ,  -11354.22377051  ,  8427408516.119554
5154.0           ,  -11353.96777051  ,  8427408518.921172
5156.0           ,  -11353.73677051  ,  8427408521.722135
5158.0           ,  -11353.49377053  ,  8427408524.522441
5160.0           ,  -11353.26577053  ,  8427408527.322091
5162.0           ,  -11352.99477053  ,  8427408530.121088
5164.0           ,  -11352.73677053  ,  8427408532.919429
5166.0           ,  -11352.47177055  ,  8427408535.717114
5168.0           ,  -11352.19777055  ,  8427408538.514147
5170.0           ,  -11351.95077055  ,  8427408541.310524
5172.0           ,  -11351.67577055  ,  8427408544.106246
5174.0           ,  -11351.41677057  ,  8427408546.901318
5176.0           ,  -11351.15277057  ,  8427408549.695732
5178.0           ,  -11350.91677057  ,  8427408552.489495
5180.0           ,  -11350.65077057  ,  8427408555.282605
5182.0           ,  -11350.38977059  ,  8427408558.075062
5184.0           ,  -11350.13777059  ,  8427408560.866866
5186.0           ,  -11349.85877059  ,  8427408563.658018
5188.0           ,  -11349.62777059  ,  8427408566.448519
5190.0           ,  -11349.35877061  ,  8427408569.238367
5192.0           ,  -11349.09377061  ,  8427408572.027563
5194.0           ,  -11348.85277061  ,  8427408574.816109
5196.0           ,  -11348.57077061  ,  8427408577.604004
5198.0           ,  -11348.29077063  ,  8427408580.391248
5200.0           ,  -11348.02077063  ,  8427408583.17784
5202.0           ,  -11347.76777063  ,  8427408585.963783
5204.0           ,  -11347.48677065  ,  8427408588.749075
5206.0           ,  -11347.21977065  ,  8427408591.533718
5208.0           ,  -11346.96777065  ,  8427408594.317712
5210.0           ,  -11346.69877065  ,  8427408597.101055
5212.0           ,  -11346.39977067  ,  8427408599.88375
5214.0           ,  -11346.15077067  ,  8427408602.665796
5216.0           ,  -11345.85077067  ,  8427408605.447193
5218.0           ,  -11345.60877067  ,  8427408608.227942
5220.0           ,  -11345.31977069  ,  8427408611.008043
5222.0           ,  -11345.07377069  ,  8427408613.787497
5224.0           ,  -11344.78177069  ,  8427408616.566302
5226.0           ,  -11344.50177069  ,  8427408619.3444605
5228.0           ,  -11344.21277071  ,  8427408622.121971
5230.0           ,  -11343.94577071  ,  8427408624.898835
5232.0           ,  -11343.67777071  ,  8427408627.675053
5234.0           ,  -11343.40077073  ,  8427408630.450624
5236.0           ,  -11343.11777073  ,  8427408633.225549
5238.0           ,  -11342.82577073  ,  8427408635.999828
5240.0           ,  -11342.55877073  ,  8427408638.773461
5242.0           ,  -11342.27577075  ,  8427408641.54645
5244.0           ,  -11341.98077075  ,  8427408644.318793
5246.0           ,  -11341.71977075  ,  8427408647.090491
5248.0           ,  -11341.44377077  ,  8427408649.861544
5250.0           ,  -11341.16377077  ,  8427408652.631952
5252.0           ,  -11340.86377077  ,  8427408655.401718
5254.0           ,  -11340.56877077  ,  8427408658.170837
5256.0           ,  -11340.29377079  ,  8427408660.939315
5258.0           ,  -11340.03477079  ,  8427408663.707149
5260.0           ,  -11339.71077079  ,  8427408666.474339
5262.0           ,  -11339.41377081  ,  8427408669.240887
5264.0           ,  -11339.11877081  ,  8427408672.006792
5266.0           ,  -11338.81377081  ,  8427408674.772053
5268.0           ,  -11338.53177081  ,  8427408677.536674
5270.0           ,  -11338.25377083  ,  8427408680.300652
5272.0           ,  -11337.97377083  ,  8427408683.063987
5274.0           ,  -11337.68577083  ,  8427408685.826681
5276.0           ,  -11337.39977085  ,  8427408688.588736
5278.0           ,  -11337.09777085  ,  8427408691.350148
5280.0           ,  -11336.79677085  ,  8427408694.11092
5282.0           ,  -11336.50677085  ,  8427408696.87105
5284.0           ,  -11336.20577087  ,  8427408699.630542
5286.0           ,  -11335.91277087  ,  8427408702.389393
5288.0           ,  -11335.61677087  ,  8427408705.147603
5290.0           ,  -11335.30377089  ,  8427408707.905175
5292.0           ,  -11335.02777089  ,  8427408710.6621065
5294.0           ,  -11334.74377089  ,  8427408713.4184 
5296.0           ,  -11334.45477091  ,  8427408716.174054
5298.0           ,  -11334.17177091  ,  8427408718.92907
5300.0           ,  -11333.85677091  ,  8427408721.683447
5302.0           ,  -11333.54477091  ,  8427408724.437186
5304.0           ,  -11333.23677093  ,  8427408727.190288
5306.0           ,  -11332.92877093  ,  8427408729.942752
5308.0           ,  -11332.63777093  ,  8427408732.694578
5310.0           ,  -11332.32177095  ,  8427408735.445767
5312.0           ,  -11332.02477095  ,  8427408738.19632
5314.0           ,  -11331.71777095  ,  8427408740.946235
5316.0           ,  -11331.40277097  ,  8427408743.695514
5318.0           ,  -11331.12177097  ,  8427408746.444158
5320.0           ,  -11330.80877097  ,  8427408749.192163
5322.0           ,  -11330.51577097  ,  8427408751.939537
5324.0           ,  -11330.19277099  ,  8427408754.686272
5326.0           ,  -11329.88077099  ,  8427408757.432372
5328.0           ,  -11329.58277099  ,  8427408760.177838
5330.0           ,  -11329.29477101  ,  8427408762.922668
5332.0           ,  -11328.97577101  ,  8427408765.666866
5334.0           ,  -11328.65577101  ,  8427408768.410428
5336.0           ,  -11328.32977103  ,  8427408771.153357
5338.0           ,  -11328.03977103  ,  8427408773.895652
5340.0           ,  -11327.72977103  ,  8427408776.637313
5342.0           ,  -11327.40477105  ,  8427408779.378341
5344.0           ,  -11327.09877105  ,  8427408782.118735
5346.0           ,  -11326.76877105  ,  8427408784.858498
5348.0           ,  -11326.43977107  ,  8427408787.597627
5350.0           ,  -11326.13377107  ,  8427408790.3361225
5352.0           ,  -11325.83377107  ,  8427408793.073989
5354.0           ,  -11325.50877107  ,  8427408795.811222
5356.0           ,  -11325.18377109  ,  8427408798.547823
5358.0           ,  -11324.88477109  ,  8427408801.283793
5360.0           ,  -11324.55177109  ,  8427408804.019133
5362.0           ,  -11324.23877111  ,  8427408806.753842
5364.0           ,  -11323.91177111  ,  8427408809.48792
5366.0           ,  -11323.60777111  ,  8427408812.221366
5368.0           ,  -11323.29377113  ,  8427408814.954184
5370.0           ,  -11322.96777113  ,  8427408817.686371
5372.0           ,  -11322.65577113  ,  8427408820.417928
5374.0           ,  -11322.34677115  ,  8427408823.148856
5376.0           ,  -11321.99977115  ,  8427408825.879155
5378.0           ,  -11321.67177115  ,  8427408828.608825
5380.0           ,  -11321.34077117  ,  8427408831.337866
5382.0           ,  -11321.02177117  ,  8427408834.066278
5384.0           ,  -11320.70177117  ,  8427408836.794064
5386.0           ,  -11320.38377119  ,  8427408839.52122
5388.0           ,  -11320.06277119  ,  8427408842.247747
5390.0           ,  -11319.73777119  ,  8427408844.97365
5392.0           ,  -11319.38977121  ,  8427408847.698923
5394.0           ,  -11319.06877121  ,  8427408850.423572
5396.0           ,  -11318.74277121  ,  8427408853.147591
5398.0           ,  -11318.42077123  ,  8427408855.870984
5400.0           ,  -11318.10677123  ,  8427408858.593751
5402.0           ,  -11317.74577123  ,  8427408861.315892
5404.0           ,  -11317.41577125  ,  8427408864.037407
5406.0           ,  -11317.08977125  ,  8427408866.758298
5408.0           ,  -11316.74077125  ,  8427408869.478561
5410.0           ,  -11316.43977127  ,  8427408872.1982 
5412.0           ,  -11316.08777127  ,  8427408874.917214
5414.0           ,  -11315.77377127  ,  8427408877.635605
5416.0           ,  -11315.44077129  ,  8427408880.353369
5418.0           ,  -11315.12177129  ,  8427408883.07051
5420.0           ,  -11314.75077129  ,  8427408885.787025
5422.0           ,  -11314.38977131  ,  8427408888.50292
5424.0           ,  -11314.07577131  ,  8427408891.21819
5426.0           ,  -11313.74777131  ,  8427408893.9328375
5428.0           ,  -11313.38677133  ,  8427408896.646859
5430.0           ,  -11313.04477133  ,  8427408899.360261
5432.0           ,  -11312.70177133  ,  8427408902.073039
5434.0           ,  -11312.34777135  ,  8427408904.785194
5436.0           ,  -11312.02977135  ,  8427408907.496728
5438.0           ,  -11311.69077135  ,  8427408910.207641
5440.0           ,  -11311.34777138  ,  8427408912.917931
5442.0           ,  -11310.99077138  ,  8427408915.6276 
5444.0           ,  -11310.64777137  ,  8427408918.336648
5446.0           ,  -11310.3047714   ,  8427408921.045075
5448.0           ,  -11309.9737714   ,  8427408923.752882
5450.0           ,  -11309.6197714   ,  8427408926.460068
5452.0           ,  -11309.27277142  ,  8427408929.166635
5454.0           ,  -11308.93577142  ,  8427408931.87258
5456.0           ,  -11308.55677142  ,  8427408934.577908
5458.0           ,  -11308.20677144  ,  8427408937.282614
5460.0           ,  -11307.86177144  ,  8427408939.986701
5462.0           ,  -11307.52177144  ,  8427408942.690169
5464.0           ,  -11307.17577146  ,  8427408945.393021
5466.0           ,  -11306.78877146  ,  8427408948.095251
5468.0           ,  -11306.47077148  ,  8427408950.796864
5470.0           ,  -11306.12577148  ,  8427408953.49786
5472.0           ,  -11305.76177148  ,  8427408956.198236
5474.0           ,  -11305.4207715   ,  8427408958.897997
5476.0           ,  -11305.0557715   ,  8427408961.597139
5478.0           ,  -11304.7037715   ,  8427408964.295665
5480.0           ,  -11304.32077152  ,  8427408966.993573
5482.0           ,  -11303.96677152  ,  8427408969.690865
5484.0           ,  -11303.62877152  ,  8427408972.387541
5486.0           ,  -11303.28577154  ,  8427408975.083601
5488.0           ,  -11302.91377154  ,  8427408977.779042
5490.0           ,  -11302.54477154  ,  8427408980.473871
5492.0           ,  -11302.17577156  ,  8427408983.168083
5494.0           ,  -11301.83177156  ,  8427408985.861681
5496.0           ,  -11301.46777158  ,  8427408988.554663
5498.0           ,  -11301.14077158  ,  8427408991.247029
5500.0           ,  -11300.77277158  ,  8427408993.938783
5502.0           ,  -11300.3877716   ,  8427408996.629921
5504.0           ,  -11300.0157716   ,  8427408999.320445
5506.0           ,  -11299.6517716   ,  8427409002.010357
5508.0           ,  -11299.27877162  ,  8427409004.699653
5510.0           ,  -11298.92277162  ,  8427409007.388338
5512.0           ,  -11298.55377162  ,  8427409010.076408
5514.0           ,  -11298.18677164  ,  8427409012.763866
5516.0           ,  -11297.82677164  ,  8427409015.450712
5518.0           ,  -11297.47377166  ,  8427409018.136945
5520.0           ,  -11297.10877166  ,  8427409020.822565
5522.0           ,  -11296.73777166  ,  8427409023.507574
5524.0           ,  -11296.33877168  ,  8427409026.191971
5526.0           ,  -11295.97577168  ,  8427409028.875757
5528.0           ,  -11295.61977168  ,  8427409031.558931
5530.0           ,  -11295.2367717   ,  8427409034.241494
5532.0           ,  -11294.8827717   ,  8427409036.923447
5534.0           ,  -11294.5097717   ,  8427409039.604789
5536.0           ,  -11294.13777172  ,  8427409042.285521
5538.0           ,  -11293.76777172  ,  8427409044.965644
5540.0           ,  -11293.39677174  ,  8427409047.645155
5542.0           ,  -11293.04177174  ,  8427409050.324057
5544.0           ,  -11292.66177174  ,  8427409053.00235
5546.0           ,  -11292.25977176  ,  8427409055.680034
5548.0           ,  -11291.89477176  ,  8427409058.357108
5550.0           ,  -11291.53577176  ,  8427409061.033574
5552.0           ,  -11291.14177178  ,  8427409063.709433
5554.0           ,  -11290.77877178  ,  8427409066.384683
5556.0           ,  -11290.3967718   ,  8427409069.059323
5558.0           ,  -11290.0187718   ,  8427409071.733356
5560.0           ,  -11289.6087718   ,  8427409074.406784
5562.0           ,  -11289.24477182  ,  8427409077.079603
5564.0           ,  -11288.86277182  ,  8427409079.751815
5566.0           ,  -11288.48277184  ,  8427409082.42342
5568.0           ,  -11288.10577184  ,  8427409085.094418
5570.0           ,  -11287.70977184  ,  8427409087.764811
5572.0           ,  -11287.35277186  ,  8427409090.434597
5574.0           ,  -11286.94577186  ,  8427409093.103777
5576.0           ,  -11286.54177186  ,  8427409095.772352
5578.0           ,  -11286.16577188  ,  8427409098.440323
5580.0           ,  -11285.79577188  ,  8427409101.107685
5582.0           ,  -11285.4077719   ,  8427409103.774445
5584.0           ,  -11285.0337719   ,  8427409106.440599
5586.0           ,  -11284.6337719   ,  8427409109.106149
5588.0           ,  -11284.24077192  ,  8427409111.771093
5590.0           ,  -11283.85677192  ,  8427409114.435437
5592.0           ,  -11283.47077194  ,  8427409117.099174
5594.0           ,  -11283.08077194  ,  8427409119.762308
5596.0           ,  -11282.67277194  ,  8427409122.424838
5598.0           ,  -11282.28877196  ,  8427409125.086767
5600.0           ,  -11281.90477196  ,  8427409127.748092
5602.0           ,  -11281.50577196  ,  8427409130.408814
5604.0           ,  -11281.13777198  ,  8427409133.068934
5606.0           ,  -11280.73877198  ,  8427409135.728452
5608.0           ,  -11280.310772    ,  8427409138.387367
5610.0           ,  -11279.939772    ,  8427409141.045682
5612.0           ,  -11279.564772    ,  8427409143.703395
5614.0           ,  -11279.14277202  ,  8427409146.360506
5616.0           ,  -11278.73277202  ,  8427409149.017015
5618.0           ,  -11278.33177204  ,  8427409151.672925
5620.0           ,  -11277.91777204  ,  8427409154.328235
5622.0           ,  -11277.53677204  ,  8427409156.982943
5624.0           ,  -11277.12777206  ,  8427409159.637051
5626.0           ,  -11276.72577206  ,  8427409162.29056
5628.0           ,  -11276.33377208  ,  8427409164.943467
5630.0           ,  -11275.92977208  ,  8427409167.5957775
5632.0           ,  -11275.53677208  ,  8427409170.247488
5634.0           ,  -11275.1367721   ,  8427409172.8986 
5636.0           ,  -11274.7117721   ,  8427409175.549111
5638.0           ,  -11274.32277212  ,  8427409178.199026
5640.0           ,  -11273.90777212  ,  8427409180.848342
5642.0           ,  -11273.52777212  ,  8427409183.49706
5644.0           ,  -11273.11077214  ,  8427409186.14518
5646.0           ,  -11272.71277214  ,  8427409188.792702
5648.0           ,  -11272.31177216  ,  8427409191.439627
5650.0           ,  -11271.88877216  ,  8427409194.085955
5652.0           ,  -11271.49777218  ,  8427409196.731685
5654.0           ,  -11271.08577218  ,  8427409199.37682
5656.0           ,  -11270.66177218  ,  8427409202.0213585
5658.0           ,  -11270.2657722   ,  8427409204.665299
5660.0           ,  -11269.8797722   ,  8427409207.308645
5662.0           ,  -11269.47377222  ,  8427409209.951395
5664.0           ,  -11269.05377222  ,  8427409212.59355
5666.0           ,  -11268.66777222  ,  8427409215.235107
5668.0           ,  -11268.24977224  ,  8427409217.876073
5670.0           ,  -11267.83977224  ,  8427409220.516443
5672.0           ,  -11267.39977226  ,  8427409223.156217
5674.0           ,  -11267.00377226  ,  8427409225.795397
5676.0           ,  -11266.59077226  ,  8427409228.433983
5678.0           ,  -11266.18177228  ,  8427409231.071975
5680.0           ,  -11265.75477228  ,  8427409233.709373
5682.0           ,  -11265.3447723   ,  8427409236.346179
5684.0           ,  -11264.9417723   ,  8427409238.982389
5686.0           ,  -11264.5087723   ,  8427409241.618009
5688.0           ,  -11264.09077233  ,  8427409244.253035
5690.0           ,  -11263.68877232  ,  8427409246.887467
5692.0           ,  -11263.24277235  ,  8427409249.52131
5694.0           ,  -11262.82477235  ,  8427409252.154557
5696.0           ,  -11262.40477237  ,  8427409254.787214
5698.0           ,  -11261.98177237  ,  8427409257.419281
5700.0           ,  -11261.56177237  ,  8427409260.050754
5702.0           ,  -11261.15677239  ,  8427409262.681636
5704.0           ,  -11260.73677239  ,  8427409265.311929
5706.0           ,  -11260.33177241  ,  8427409267.941629
5708.0           ,  -11259.85977241  ,  8427409270.570739
5710.0           ,  -11259.84877241  ,  8427409273.19926
5712.0           ,  -11260.23777241  ,  8427409275.827189
5714.0           ,  -11260.64077239  ,  8427409278.454529
5716.0           ,  -11261.02177239  ,  8427409281.081282
5718.0           ,  -11261.41377239  ,  8427409283.707442
5720.0           ,  -11261.79677237  ,  8427409286.333015
5722.0           ,  -11262.18077237  ,  8427409288.957996
5724.0           ,  -11262.58777235  ,  8427409291.582393
5726.0           ,  -11262.99877235  ,  8427409294.206198
5728.0           ,  -11263.34377235  ,  8427409296.829415
5730.0           ,  -11263.76177233  ,  8427409299.452046
5732.0           ,  -11264.12077233  ,  8427409302.074088
5734.0           ,  -11264.5157723   ,  8427409304.695541
5736.0           ,  -11264.9127723   ,  8427409307.31641
5738.0           ,  -11265.2767723   ,  8427409309.936688
5740.0           ,  -11265.66177228  ,  8427409312.556381
5742.0           ,  -11266.04177228  ,  8427409315.175488
5744.0           ,  -11266.44077228  ,  8427409317.794007
5746.0           ,  -11266.83677226  ,  8427409320.411942
5748.0           ,  -11267.20477226  ,  8427409323.029289
5750.0           ,  -11267.56377224  ,  8427409325.64605
5752.0           ,  -11267.93177224  ,  8427409328.262227
5754.0           ,  -11268.31577224  ,  8427409330.877817
5756.0           ,  -11268.70577222  ,  8427409333.492823
5758.0           ,  -11269.11277222  ,  8427409336.107246
5760.0           ,  -11269.46777222  ,  8427409338.721082
5762.0           ,  -11269.8657722   ,  8427409341.334333
5764.0           ,  -11270.2497722   ,  8427409343.947001
5766.0           ,  -11270.63277218  ,  8427409346.559085
5768.0           ,  -11271.01777218  ,  8427409349.170585
5770.0           ,  -11271.38577218  ,  8427409351.781502
5772.0           ,  -11271.75077216  ,  8427409354.391835
5774.0           ,  -11272.11277216  ,  8427409357.001585
5776.0           ,  -11272.48377216  ,  8427409359.610752
5778.0           ,  -11272.85577214  ,  8427409362.2193365
5780.0           ,  -11273.24177214  ,  8427409364.827339
5782.0           ,  -11273.61477212  ,  8427409367.43476
5784.0           ,  -11273.98077212  ,  8427409370.041597
5786.0           ,  -11274.34677212  ,  8427409372.647854
5788.0           ,  -11274.7127721   ,  8427409375.253529
5790.0           ,  -11275.0967721   ,  8427409377.858623
5792.0           ,  -11275.4677721   ,  8427409380.463135
5794.0           ,  -11275.82477208  ,  8427409383.067067
5796.0           ,  -11276.19777208  ,  8427409385.670418
5798.0           ,  -11276.59477206  ,  8427409388.27319
5800.0           ,  -11276.93377206  ,  8427409390.87538
5802.0           ,  -11277.29277206  ,  8427409393.47699
5804.0           ,  -11277.65777204  ,  8427409396.078021
5806.0           ,  -11278.06677204  ,  8427409398.6784725
5808.0           ,  -11278.40077204  ,  8427409401.278345
5810.0           ,  -11278.78877202  ,  8427409403.877639
5812.0           ,  -11279.12577202  ,  8427409406.476352
5814.0           ,  -11279.504772    ,  8427409409.074489
5816.0           ,  -11279.884772    ,  8427409411.672046
5818.0           ,  -11280.245772    ,  8427409414.269025
5820.0           ,  -11280.58477198  ,  8427409416.865426
5822.0           ,  -11280.96477198  ,  8427409419.461249
5824.0           ,  -11281.30677198  ,  8427409422.056496
5826.0           ,  -11281.67677196  ,  8427409424.651164
5828.0           ,  -11282.02577196  ,  8427409427.245257
5830.0           ,  -11282.38777196  ,  8427409429.838771
5832.0           ,  -11282.74477194  ,  8427409432.431709
5834.0           ,  -11283.08577194  ,  8427409435.024072
5836.0           ,  -11283.46977194  ,  8427409437.615856
5838.0           ,  -11283.81377192  ,  8427409440.207067
5840.0           ,  -11284.17277192  ,  8427409442.797701
5842.0           ,  -11284.5247719   ,  8427409445.387761
5844.0           ,  -11284.8787719   ,  8427409447.977242
5846.0           ,  -11285.2357719   ,  8427409450.566152
5848.0           ,  -11285.60377188  ,  8427409453.154486
5850.0           ,  -11285.95777188  ,  8427409455.742245
5852.0           ,  -11286.30677188  ,  8427409458.32943
5854.0           ,  -11286.66977186  ,  8427409460.916039
5858.0           ,  -11287.35577186  ,  8427409466.08754
5860.0           ,  -11287.68577184  ,  8427409468.672427
5864.0           ,  -11288.37277184  ,  8427409473.8404875
5866.0           ,  -11288.76977182  ,  8427409476.423657
5868.0           ,  -11289.10677182  ,  8427409479.006255
5870.0           ,  -11289.45877182  ,  8427409481.588281
5872.0           ,  -11289.8137718   ,  8427409484.169734
5874.0           ,  -11290.1677718   ,  8427409486.750615
5876.0           ,  -11290.4997718   ,  8427409489.330923
5878.0           ,  -11290.86577178  ,  8427409491.910663
5880.0           ,  -11291.17777178  ,  8427409494.489829
5882.0           ,  -11291.56677176  ,  8427409497.068423
5884.0           ,  -11291.89077176  ,  8427409499.646449
5886.0           ,  -11292.23277176  ,  8427409502.223904
5888.0           ,  -11292.58677174  ,  8427409504.800787
5890.0           ,  -11292.93277174  ,  8427409507.377101
5892.0           ,  -11293.27477174  ,  8427409509.952845
5894.0           ,  -11293.62177172  ,  8427409512.528018
5896.0           ,  -11293.94177172  ,  8427409515.102621
5898.0           ,  -11294.27677172  ,  8427409517.676658
5900.0           ,  -11294.6117717   ,  8427409520.250124
5902.0           ,  -11294.9757717   ,  8427409522.823021
5904.0           ,  -11295.3347717   ,  8427409525.3953495
5906.0           ,  -11295.65377168  ,  8427409527.967109
5908.0           ,  -11295.97177168  ,  8427409530.538301
5910.0           ,  -11296.33677168  ,  8427409533.108926
5912.0           ,  -11296.65377166  ,  8427409535.678981
5914.0           ,  -11296.99777166  ,  8427409538.248469
5916.0           ,  -11297.33077166  ,  8427409540.817391
5918.0           ,  -11297.65977164  ,  8427409543.385745
5920.0           ,  -11297.98777164  ,  8427409545.953532
5922.0           ,  -11298.31777164  ,  8427409548.520753
5924.0           ,  -11298.66777162  ,  8427409551.087407
5926.0           ,  -11298.98377162  ,  8427409553.653497
5928.0           ,  -11299.32977162  ,  8427409556.219017
5930.0           ,  -11299.6627716   ,  8427409558.783973
5932.0           ,  -11299.9737716   ,  8427409561.348364
5934.0           ,  -11300.3147716   ,  8427409563.9121895
5936.0           ,  -11300.68477158  ,  8427409566.47545
5938.0           ,  -11300.99277158  ,  8427409569.038145
5940.0           ,  -11301.28377158  ,  8427409571.600275
5942.0           ,  -11301.60777156  ,  8427409574.161842
5944.0           ,  -11301.95777156  ,  8427409576.722843
5946.0           ,  -11302.29477156  ,  8427409579.283282
5948.0           ,  -11302.59777154  ,  8427409581.843155
5950.0           ,  -11302.90477154  ,  8427409584.402465
5952.0           ,  -11303.23077154  ,  8427409586.961212
5954.0           ,  -11303.59477152  ,  8427409589.519397
5956.0           ,  -11303.91677152  ,  8427409592.077018
5958.0           ,  -11304.24577152  ,  8427409594.634075
5960.0           ,  -11304.5707715   ,  8427409597.19057
5962.0           ,  -11304.8627715   ,  8427409599.746505
5964.0           ,  -11305.2157715   ,  8427409602.301876
5966.0           ,  -11305.50677148  ,  8427409604.856686
5968.0           ,  -11305.86277148  ,  8427409607.4109335
5970.0           ,  -11306.17977148  ,  8427409609.96462
5972.0           ,  -11306.50177146  ,  8427409612.517745
5974.0           ,  -11306.80277146  ,  8427409615.070309
5976.0           ,  -11307.12877146  ,  8427409617.622313
5978.0           ,  -11307.43677146  ,  8427409620.173755
5980.0           ,  -11307.78277144  ,  8427409622.724637
5982.0           ,  -11308.07277144  ,  8427409625.27496
5984.0           ,  -11308.38077144  ,  8427409627.824722
5986.0           ,  -11308.69877142  ,  8427409630.373925
5988.0           ,  -11309.01177142  ,  8427409632.922569
5990.0           ,  -11309.33777142  ,  8427409635.470653
5992.0           ,  -11309.6487714   ,  8427409638.018179
5994.0           ,  -11309.9657714   ,  8427409640.565145
5996.0           ,  -11310.2827714   ,  8427409643.111552
5998.0           ,  -11310.58977137  ,  8427409645.657402
6000.0           ,  -11310.86877138  ,  8427409648.202692
6002.0           ,  -11311.18777138  ,  8427409650.747427
6004.0           ,  -11311.52177135  ,  8427409653.2916 
6006.0           ,  -11311.82377135  ,  8427409655.835219
6008.0           ,  -11312.15177135  ,  8427409658.37828
6010.0           ,  -11312.44277135  ,  8427409660.920783
6012.0           ,  -11312.75077133  ,  8427409663.4627285
6014.0           ,  -11313.05477133  ,  8427409666.00412
6016.0           ,  -11313.35577133  ,  8427409668.544953
6018.0           ,  -11313.64777131  ,  8427409671.085232
6020.0           ,  -11313.95777131  ,  8427409673.624952
6022.0           ,  -11314.28077131  ,  8427409676.164118
6024.0           ,  -11314.60077129  ,  8427409678.702727
6026.0           ,  -11314.87977129  ,  8427409681.240784
6028.0           ,  -11315.17277129  ,  8427409683.778282
6030.0           ,  -11315.43977129  ,  8427409686.315227
6032.0           ,  -11315.73277127  ,  8427409688.851617
6034.0           ,  -11316.05877127  ,  8427409691.387452
6036.0           ,  -11316.37377127  ,  8427409693.922732
6038.0           ,  -11316.67877125  ,  8427409696.45746
6040.0           ,  -11316.97377125  ,  8427409698.991634
6042.0           ,  -11317.29377125  ,  8427409701.525251
6044.0           ,  -11317.56377123  ,  8427409704.058319
6046.0           ,  -11317.85477123  ,  8427409706.590832
6048.0           ,  -11318.16877123  ,  8427409709.122791
6050.0           ,  -11318.47877123  ,  8427409711.654199
6052.0           ,  -11318.77177121  ,  8427409714.185054
6054.0           ,  -11319.05977121  ,  8427409716.715356
6056.0           ,  -11319.32877121  ,  8427409719.245106
6058.0           ,  -11319.64477119  ,  8427409721.774304
6060.0           ,  -11319.90277119  ,  8427409724.302951
6062.0           ,  -11320.21677119  ,  8427409726.831045
6064.0           ,  -11320.47977119  ,  8427409729.358589
6066.0           ,  -11320.80177117  ,  8427409731.885582
6068.0           ,  -11321.08677117  ,  8427409734.412023
6070.0           ,  -11321.40177117  ,  8427409736.937915
6072.0           ,  -11321.69677115  ,  8427409739.463256
6074.0           ,  -11321.98577115  ,  8427409741.988046
6076.0           ,  -11322.27377115  ,  8427409744.512287
6078.0           ,  -11322.58077113  ,  8427409747.035977
6080.0           ,  -11322.85277113  ,  8427409749.559118
6082.0           ,  -11323.14477113  ,  8427409752.081712
6084.0           ,  -11323.42477113  ,  8427409754.603753
6086.0           ,  -11323.71877111  ,  8427409757.125247
6088.0           ,  -11324.00577111  ,  8427409759.646193
6090.0           ,  -11324.26477111  ,  8427409762.166588
6092.0           ,  -11324.57177109  ,  8427409764.686437
6094.0           ,  -11324.84377109  ,  8427409767.205737
6096.0           ,  -11325.13277109  ,  8427409769.72449
6098.0           ,  -11325.40477109  ,  8427409772.242695
6100.0           ,  -11325.67077107  ,  8427409774.760352
6102.0           ,  -11325.97777107  ,  8427409777.277462
6104.0           ,  -11326.24077107  ,  8427409779.794025
6106.0           ,  -11326.52277105  ,  8427409782.310041
6108.0           ,  -11326.81477105  ,  8427409784.82551
6110.0           ,  -11327.07477105  ,  8427409787.340435
6112.0           ,  -11327.36777105  ,  8427409789.854813
6114.0           ,  -11327.64677103  ,  8427409792.368644
6116.0           ,  -11327.92877103  ,  8427409794.881929
6118.0           ,  -11328.22477103  ,  8427409797.394669
6120.0           ,  -11328.50277101  ,  8427409799.906864
6122.0           ,  -11328.79677101  ,  8427409802.418514
6124.0           ,  -11329.06777101  ,  8427409804.929618
6126.0           ,  -11329.33977101  ,  8427409807.440179
6128.0           ,  -11329.59077099  ,  8427409809.950194
6130.0           ,  -11329.86377099  ,  8427409812.459666
6132.0           ,  -11330.16877099  ,  8427409814.968593
6134.0           ,  -11330.44677099  ,  8427409817.476976
6136.0           ,  -11330.71477097  ,  8427409819.984817
6138.0           ,  -11330.95977097  ,  8427409822.492113
6140.0           ,  -11331.23677097  ,  8427409824.998866
6142.0           ,  -11331.50477095  ,  8427409827.505077
6144.0           ,  -11331.77777095  ,  8427409830.010744
6146.0           ,  -11332.04577095  ,  8427409832.515871
6148.0           ,  -11332.31477095  ,  8427409835.020453
6150.0           ,  -11332.56177093  ,  8427409837.524493
6152.0           ,  -11332.82077093  ,  8427409840.027992
6154.0           ,  -11333.09977093  ,  8427409842.53095
6156.0           ,  -11333.39177093  ,  8427409845.033364
6158.0           ,  -11333.64677091  ,  8427409847.535239
6160.0           ,  -11333.92077091  ,  8427409850.036572
6162.0           ,  -11334.17977091  ,  8427409852.537364
6164.0           ,  -11334.46477091  ,  8427409855.037616
6166.0           ,  -11334.73077089  ,  8427409857.537328
6168.0           ,  -11334.95977089  ,  8427409860.036498
6170.0           ,  -11335.24277089  ,  8427409862.53513
6172.0           ,  -11335.51177087  ,  8427409865.03322
6174.0           ,  -11335.77777087  ,  8427409867.530772
6176.0           ,  -11336.02277087  ,  8427409870.027785
6178.0           ,  -11336.29577087  ,  8427409872.524258
6180.0           ,  -11336.56477085  ,  8427409875.020192
6182.0           ,  -11336.82077085  ,  8427409877.515587
6184.0           ,  -11337.08077085  ,  8427409880.010444
6186.0           ,  -11337.33977085  ,  8427409882.504763
6188.0           ,  -11337.60277083  ,  8427409884.998544
6190.0           ,  -11337.88377083  ,  8427409887.491785
6192.0           ,  -11338.13177083  ,  8427409889.98449
6194.0           ,  -11338.39977083  ,  8427409892.476657
6196.0           ,  -11338.66377081  ,  8427409894.968288
6198.0           ,  -11338.92377081  ,  8427409897.45938
6200.0           ,  -11339.17477081  ,  8427409899.949935
6202.0           ,  -11339.41277081  ,  8427409902.439955
6204.0           ,  -11339.70177079  ,  8427409904.929439
6206.0           ,  -11339.93777079  ,  8427409907.4183855
6208.0           ,  -11340.18877079  ,  8427409909.906796
6210.0           ,  -11340.42777079  ,  8427409912.3946705
6212.0           ,  -11340.68177077  ,  8427409914.88201
6214.0           ,  -11340.93477077  ,  8427409917.368814
6216.0           ,  -11341.17377077  ,  8427409919.8550825
6218.0           ,  -11341.43977077  ,  8427409922.3408165
6220.0           ,  -11341.69177075  ,  8427409924.826016
6222.0           ,  -11341.95077075  ,  8427409927.310679
6224.0           ,  -11342.18677075  ,  8427409929.794811
6226.0           ,  -11342.44677075  ,  8427409932.278406
6228.0           ,  -11342.67477073  ,  8427409934.761468
6230.0           ,  -11342.94477073  ,  8427409937.243997
6232.0           ,  -11343.19277073  ,  8427409939.72599
6234.0           ,  -11343.41977073  ,  8427409942.207452
6236.0           ,  -11343.66977071  ,  8427409944.68838
6238.0           ,  -11343.92077071  ,  8427409947.168776
6240.0           ,  -11344.18377071  ,  8427409949.648639
6242.0           ,  -11344.42077071  ,  8427409952.12797
6244.0           ,  -11344.66777069  ,  8427409954.606766
6246.0           ,  -11344.90977069  ,  8427409957.085033
6248.0           ,  -11345.14277069  ,  8427409959.562767
6250.0           ,  -11345.35877069  ,  8427409962.039969
6252.0           ,  -11345.61777067  ,  8427409964.516642
6254.0           ,  -11345.87677067  ,  8427409966.99278
6256.0           ,  -11346.10077067  ,  8427409969.4683895
6258.0           ,  -11346.34277067  ,  8427409971.943467
6260.0           ,  -11346.58677065  ,  8427409974.418015
6262.0           ,  -11346.84077065  ,  8427409976.892032
6264.0           ,  -11347.06977065  ,  8427409979.365518
6266.0           ,  -11347.29377065  ,  8427409981.838475
6268.0           ,  -11347.54377063  ,  8427409984.310902
6270.0           ,  -11347.78277063  ,  8427409986.7828 
6272.0           ,  -11348.04177063  ,  8427409989.254167
6274.0           ,  -11348.26377063  ,  8427409991.725006
6276.0           ,  -11348.48577063  ,  8427409994.195316
6278.0           ,  -11348.73077061  ,  8427409996.665097
6280.0           ,  -11348.97777061  ,  8427409999.134352
6282.0           ,  -11349.21277061  ,  8427410001.603075
6284.0           ,  -11349.46477061  ,  8427410004.07127
6286.0           ,  -11349.69577059  ,  8427410006.5389385
6288.0           ,  -11349.90177059  ,  8427410009.00608
6290.0           ,  -11350.16277059  ,  8427410011.472693
6292.0           ,  -11350.38677059  ,  8427410013.93878
6294.0           ,  -11350.62377057  ,  8427410016.404338
6296.0           ,  -11350.84877057  ,  8427410018.86937
6298.0           ,  -11351.09477057  ,  8427410021.333876
6300.0           ,  -11351.32477057  ,  8427410023.797854
6302.0           ,  -11351.54677055  ,  8427410026.261307
6304.0           ,  -11351.75777055  ,  8427410028.724235
6306.0           ,  -11352.01677055  ,  8427410031.186634
6308.0           ,  -11352.26577055  ,  8427410033.648509
6310.0           ,  -11352.50277053  ,  8427410036.1098585
6312.0           ,  -11352.74077053  ,  8427410038.570683
6314.0           ,  -11352.90777053  ,  8427410041.030982
6316.0           ,  -11353.16277053  ,  8427410043.490757
6318.0           ,  -11353.36777053  ,  8427410045.950007
6320.0           ,  -11353.62677051  ,  8427410048.408732
6322.0           ,  -11353.82177051  ,  8427410050.866934
6324.0           ,  -11354.05877051  ,  8427410053.324612
6326.0           ,  -11354.25477051  ,  8427410055.781765
6328.0           ,  -11354.48377051  ,  8427410058.238395
6330.0           ,  -11354.71877049  ,  8427410060.694503
6332.0           ,  -11354.94577049  ,  8427410063.150085
6334.0           ,  -11355.15177049  ,  8427410065.605145
6336.0           ,  -11355.36977049  ,  8427410068.059683
6338.0           ,  -11355.58177047  ,  8427410070.513699
6340.0           ,  -11355.80177047  ,  8427410072.967193
6342.0           ,  -11356.03777047  ,  8427410075.420162
6344.0           ,  -11356.25377047  ,  8427410077.87261
6346.0           ,  -11356.45477047  ,  8427410080.324537
6348.0           ,  -11356.67277045  ,  8427410082.775943
6350.0           ,  -11356.90377045  ,  8427410085.226828
6352.0           ,  -11357.10377045  ,  8427410087.677191
6354.0           ,  -11357.29477045  ,  8427410090.127032
6356.0           ,  -11357.53777042  ,  8427410092.576355
6358.0           ,  -11357.76277043  ,  8427410095.025154
6360.0           ,  -11358.00077043  ,  8427410097.473434
6362.0           ,  -11358.17677043  ,  8427410099.921196
6364.0           ,  -11358.40877043  ,  8427410102.368437
6366.0           ,  -11358.6237704   ,  8427410104.815158
6368.0           ,  -11358.8137704   ,  8427410107.261359
6370.0           ,  -11359.0427704   ,  8427410109.707042
6372.0           ,  -11359.2837704   ,  8427410112.1522045
6374.0           ,  -11359.4557704   ,  8427410114.5968485
6376.0           ,  -11359.66477038  ,  8427410117.040974
6378.0           ,  -11359.88777038  ,  8427410119.484581
6380.0           ,  -11360.07477038  ,  8427410121.92767
6382.0           ,  -11360.30777038  ,  8427410124.370241
6384.0           ,  -11360.51477036  ,  8427410126.812294
6386.0           ,  -11360.69877036  ,  8427410129.253829
6388.0           ,  -11360.91077036  ,  8427410131.694847
6390.0           ,  -11361.09377036  ,  8427410134.135347
6392.0           ,  -11361.31277036  ,  8427410136.575331
6394.0           ,  -11361.53477034  ,  8427410139.014797
6396.0           ,  -11361.75177034  ,  8427410141.453747
6398.0           ,  -11361.93977034  ,  8427410143.892181
6400.0           ,  -11362.13377034  ,  8427410146.330099
6402.0           ,  -11362.33277034  ,  8427410148.7675 
6404.0           ,  -11362.53277032  ,  8427410151.204385
6406.0           ,  -11362.74077032  ,  8427410153.640756
6408.0           ,  -11362.96977032  ,  8427410156.076611
6410.0           ,  -11363.17777032  ,  8427410158.5119505
6412.0           ,  -11363.34777032  ,  8427410160.946774
6414.0           ,  -11363.5867703   ,  8427410163.381083
6416.0           ,  -11363.7817703   ,  8427410165.814878
6418.0           ,  -11363.9707703   ,  8427410168.24816
6420.0           ,  -11364.1817703   ,  8427410170.680925
6422.0           ,  -11364.3617703   ,  8427410173.113177
